model,threshold,accuracy,precision,recall,f1_score,roc_auc,specificity,true_negatives,false_positives,false_negatives,true_positives,validation_f1_at_threshold
Logistic Regression,0.6,0.768,0.21238938053097345,0.47058823529411764,0.2926829268292683,0.7244666797676754,0.8017817371937639,1440,356,108,96,0.30115830115830117
Random Forest,0.32499999999999996,0.732,0.25,0.8137254901960784,0.3824884792626728,0.7889891479977291,0.72271714922049,1298,498,38,166,0.4131455399061033
Gradient Boosting,0.11499999999999999,0.718,0.24504249291784702,0.8480392156862745,0.3802197802197802,0.8057966505087559,0.7032293986636972,1263,533,31,173,0.4011379800853485
MLP,0.11499999999999999,0.694,0.1927710843373494,0.6274509803921569,0.29493087557603687,0.7055084283156469,0.7015590200445434,1260,536,76,128,0.2772963604852686
